MTUM,0.0
VLUE,0.0
QUAL,0.0
SIZE,0.0
USMV,0.02122744502375828
IVLU,0.0
IMTM,0.0
IQLT,0.0
EMGF,0.0
ACWV,0.04033023217749315
SPTL,0.0
AGG,0.0
EMB,0.0
TIP,0.0
HYG,0.09535834959380612
SCHH,0.02859635794122022
DBC,0.037545481566396616
GLD,0.0
SHV,0.7769421336973256
