MTUM,0,
VLUE,0,
QUAL,0,
SIZE,0,
USMV,0.021227445,
IVLU,0,
IMTM,0,
IQLT,0,
EMGF,0,
ACWV,0.040330232,0.061557677
SPTL,0,
AGG,0,
EMB,0,
TIP,0,
HYG,0.09535835,0.09535835
SCHH,0.028596358,0.028596358
DBC,0.037545482,0.037545482
GLD,0,0
SHV,0.776942134,0.776942134
